url,title
https://gihyo.jp/dp/ebook/2020/978-4-297-11537-1,ゼロからはじめる ゼロからはじめるChatwork 基本＆便利技
https://gihyo.jp/dp/ebook/2020/978-4-297-11650-7,ゼロからはじめる ゼロからはじめるドコモ arrows 5G F-51A スマートガイド
https://gihyo.jp/dp/ebook/2020/978-4-297-11551-7,Software Design plus 最速詳解 Unity 2020 スタートブック
https://gihyo.jp/dp/ebook/2020/978-4-297-11549-4,今すぐ使えるかんたんmini 今すぐ使えるかんたんminiNikon D780 基本＆応用 撮影ガイド
https://gihyo.jp/dp/ebook/2020/978-4-297-11285-1,Software Design 2020年10月号
https://gihyo.jp/dp/ebook/2020/978-4-297-11545-6,ゼロからはじめる ゼロからはじめるMicrosoft Teams 基本＆便利技
https://gihyo.jp/dp/ebook/2020/978-4-297-11562-3,未来エコ実践テクノロジー 図解でわかるカーボンリサイクル～CO2を利用する循環エネルギーシステム～
https://gihyo.jp/dp/ebook/2020/978-4-297-11503-6,スクラッチプログラミング事例大全集
https://gihyo.jp/dp/ebook/2020/978-4-297-11412-1,WEB+DB PRESS plus CircleCI実践入門──CI/CDがもたらす開発速度と品質の両立
https://gihyo.jp/dp/ebook/2020/978-4-297-11535-7,スピードマスター 1 時間でわかる iDeCo～50代から始める安心投資
https://gihyo.jp/dp/ebook/2020/978-4-297-11539-5,ゼロからはじめる ゼロからはじめるSlack 基本＆便利技
https://gihyo.jp/dp/ebook/2020/978-4-297-11543-2,今すぐ使えるかんたん 今すぐ使えるかんたんAndroidスマートフォン 完全ガイドブック 困った解決＆便利技［Android 10/9対応版］
https://gihyo.jp/dp/ebook/2020/978-4-297-11654-5,ゼロからはじめる ゼロからはじめるau Galaxy A41 SCV48 スマートガイド
https://gihyo.jp/dp/ebook/2020/978-4-297-11604-0,ゼロからはじめる ゼロからはじめるドコモ arrows Be4 F-41A スマートガイド
https://gihyo.jp/dp/ebook/2020/978-4-297-11571-5,最短距離でゼロからしっかり学ぶ Python入門 必修編〜プログラミングの基礎からエラー処理、テストコードの書き方まで
https://gihyo.jp/dp/ebook/2020/978-4-297-11573-9,最短距離でゼロからしっかり学ぶ Python入門 実践編〜ゲーム開発・データ可視化・Web開発
https://gihyo.jp/dp/ebook/2020/978-4-297-11541-8,図解即戦力 図解即戦力ネットワーク構築&運用がこれ1冊でしっかりわかる教科書
https://gihyo.jp/dp/ebook/2020/978-4-297-11612-5,スタートダッシュAndroid〜アプリエンジニアの必須ノウハウをサクっと押さえる
https://gihyo.jp/dp/ebook/2020/978-4-297-11555-5,伝説のアーケードゲームを支えた技術
https://gihyo.jp/dp/ebook/2020/978-4-297-11547-0,仕事の現場で即使える Excel VBA ユーザーフォーム＆コントロール 実践アプリ作成ガイド
https://gihyo.jp/dp/ebook/2020/978-4-297-11632-3,ゼロからはじめる ゼロからはじめるドコモ Xperia 10 II SO-41A スマートガイド
https://gihyo.jp/dp/ebook/2020/978-4-297-11400-8,会計ソフトのすき間を埋める 経理のExcel仕事術
https://gihyo.jp/dp/ebook/2020/978-4-297-11497-8,ポケットリファレンス 改訂3版 Javaポケットリファレンス
https://gihyo.jp/dp/ebook/2020/978-4-297-11479-4,図解即戦力 図解即戦力不動産業界のしくみとビジネスがこれ1冊でしっかりわかる教科書
https://gihyo.jp/dp/ebook/2020/978-4-297-11236-3,図解即戦力 図解即戦力建設業界のしくみとビジネスがこれ1冊でしっかりわかる教科書
https://gihyo.jp/dp/ebook/2020/978-4-297-11495-4,もっと収益を伸ばす！ アフィリエイト 徹底攻略ガイドブック
https://gihyo.jp/dp/ebook/2020/978-4-297-11489-3,ゼロから始める プロダクトマネジメント
https://gihyo.jp/dp/ebook/2020/978-4-297-11567-8,WEB+DB PRESS Vol.118
https://gihyo.jp/dp/ebook/2020/978-4-297-11530-2,夢をかなえる短眠法～3時間で熟睡し、5倍濃く生きる
https://gihyo.jp/dp/ebook/2020/978-4-297-11569-2,改訂版 Pythonユーザのための Jupyter［実践］入門
